{
    "snr": 46.577537536621094,
    "lsd": 1.2128736972808838,
    "loss": 4.1749814056402104e-05
}