{
    "snr": 45.89668655395508,
    "lsd": 1.1982488632202148,
    "loss": 4.1263037178396186e-05
}