{
    "snr": 46.1038818359375,
    "lsd": 1.2155122756958008,
    "loss": 4.0685500187009894e-05
}