{
    "snr": 48.55044937133789,
    "lsd": 1.0928477048873901,
    "loss": 3.27255034449081e-05
}