{
    "snr": 48.71631622314453,
    "lsd": 1.0960018634796143,
    "loss": 3.2767855208248876e-05
}