{
    "snr": 47.595577239990234,
    "lsd": 1.107060432434082,
    "loss": 3.573505468921212e-05
}