{
    "snr": 45.851295471191406,
    "lsd": 1.1908085346221924,
    "loss": 3.908053192844818e-05
}