{
    "snr": 45.94062042236328,
    "lsd": 1.1879878044128418,
    "loss": 3.7895650871178076e-05
}