{
    "snr": 23.021631240844727,
    "lsd": 3.6776013374328613,
    "loss": 7.114786421880126e-05
}