{
    "snr": 34.94316101074219,
    "lsd": 3.574775218963623,
    "loss": 2.1915835532126948e-05
}