{
    "snr": 34.9177131652832,
    "lsd": 3.5877761840820312,
    "loss": 2.1976393327349797e-05
}