{
    "snr": 39.55506896972656,
    "lsd": 3.8109688758850098,
    "loss": 1.7036471035680734e-05
}