{
    "snr": 34.91769790649414,
    "lsd": 3.5877671241760254,
    "loss": 2.197641515522264e-05
}