{
    "snr": 39.56108856201172,
    "lsd": 3.8109214305877686,
    "loss": 1.7029593436745927e-05
}