{
    "snr": 47.94091033935547,
    "lsd": 1.1406511068344116,
    "loss": 3.432856713629917e-05
}